{
    "format_version": "1.0.0",
    "change_version": "1",
    "change_date": "2021-11-17 11:00:00",
    "source": "tool-1.0.4.0",
    "import":  null,
    "settings": {
        "auto_profile": {
            "show_auto_profile_button": false,
            "auto_profile_enabled": false,
            "applications":
            [
                {
                    "priority": 1,
                    "mapping": [
                        {"name": "bluejeans.exe", "profile": "Voice"},
                        {"name": "skype.exe", "profile": "Voice"},
                        {"name": "skypehost.exe", "profile": "Voice"},
                        {"name": "lync.exe", "profile": "Voice"},
                        {"name": "viber.exe", "profile": "Voice"}
                    ]
                },
                {
                    "priority": 2,
                    "mapping": [
                        {"name": "wmplayer.exe", "profile": "Dynamic"},
                        {"name": "music.ui.exe", "profile": "Music"},
                        {"name": "video.ui.exe", "profile": "Movie"},
                        {"name": "vlc.exe", "profile": "Dynamic"},
                        {"name": "dolbyuwp.exe", "profile": "Movie"},
                        {"name": "spotify.exe", "profile": "Music"},
                        {"name": "hulu.gibson.exe", "profile": "Movie"},
                        {"name": "95FE1D22.VUDUMoviesandTV_0wkekwh8d6p78!App", "profile": "Movie"},
                        {"name": "PandoraMediaInc.29680B314EFC2_n619g4d5j0fnw!App", "profile": "Music"},
                        {"name": "4DF9E0F8.Netflix_mcm4njqhnhss8!Netflix.App", "profile": "Movie"},
                        {"name": "SmartRemote.exe", "profile": "Movie"}
                    ]
                },
                {
                    "priority": 3,
                    "mapping": [
                        {"name": "microsoftedgecp.exe", "profile": "Dynamic"},
                        {"name": "microsoftedgebchost.exe", "profile": "Dynamic"},
                        {"name": "msedge.exe", "profile": "Dynamic"},
                        {"name": "chrome.exe", "profile": "Dynamic"},
                        {"name": "iexplore.exe", "profile": "Dynamic"},
                        {"name": "facebook.exe", "profile": "Dynamic"}
                    ]
                }
            ]
        },
        "capture_stream": {
            "condition": "voip",
            "capture_stream_detection_enable": true,
            "applications": ["skype.exe", "skypehost.exe", "lync.exe", "skypeapp.exe", "skype4life.exe", "teams.exe", "msteams.exe"]
        },
        "dolby_enabled": [
            {
                "endpoint": "internal_speaker",
                "spatial_audio": false,
                "is_enabled": true
            },
            {
                "endpoint": "internal_speaker",
                "spatial_audio": true,
                "is_enabled": true
            },
            {
                "endpoint": "headphone",
                "spatial_audio": false,
                "is_enabled": true
            },
            {
                "endpoint": "headphone",
                "spatial_audio": true,
                "is_enabled": true
            }
        ],
        "default_profile": [
            {
                "endpoint": "internal_speaker",
                "spatial_audio": false,
                "profile": "movie"
            },
            {
                "endpoint": "internal_speaker",
                "spatial_audio": true,
                "profile": "movie"
            },
            {
                "endpoint": "headphone",
                "spatial_audio": false,
                "profile": "movie"
            },
            {
                "endpoint": "headphone",
                "spatial_audio": true,
                "profile": "movie"
            }
        ],
        "individual_endpoint_control": false,
        "disable_virtualizer_when_spatial_off": false,
        "reset_on_access_uninstall": false,
        "geq_maximum_range": 192,
        "default_uitheme": "red",
        "full_dsp_support": false,
        "bypass_stereo_virtualizer": {
            "movie": false,
            "music": false,
            "game": false,
            "game_shooter": false,
            "game_racing": false,
            "game_rts": false,
            "game_rpg": false,
            "voice": false,
            "dynamic": false,
            "personalize": false,
            "personalize_user1": false,
            "personalize_user2": false,
            "personalize_user3": false
        },
        "ns": {
            "load_ns_apo": false,
            "enabled_profiles": [
                {
                    "endpoint": "internal_speaker",
                    "profile": ["voice"]
                }
            ]
        },
        "show_online_course_button": false,
        "dabs_auto_enablement": true,
        "dahp_auto_enablement": true,
        "show_mirroring_button": false,
        "volume_feedback_enable": true,
        "audio_director_mode": "undefined",
        "operator": "Default",
        "max_apo_instance_count": 5,
        "dual_screen_multi_mode": 0,
        "override_device_volume": false,
        "compensate_volume": false
    }
}
